Title	Image
Zece negri mititei	zecenegrimititei.jpg
Pe culmile disperării	culmiledisperarii.jpg
Străinul	strainul.jpg
Throne of glass	throneofglass.jpg
Cerul e pretutindeni	cerulepretutindeni.jpg
The Lightning Thief	thelightningthief.jpg
Night School	nightschool.jpg
Îngeri căzuți	ingericazuti.jpg
A court of thorns and roses	acotar.jpg
Efectele secundare ale vieții	efectelesecundare.jpg
Bun venit in univers	bunvenitinunivers.jpg
The Man Who Mistook His Wife for a Hat	tmwmhwfahaoct.jpg
Arta negocierii	artanegocierii.jpg
The World Atlas of Coffee	atlasofcoffee.jpg
Of mice and men	ofmiceandmen.jpg
Dune	dune.jpg
Acid for the children	acidforthechildren.jpg
The Three Body Problem	the3bodyproblem.jpg
The Fifth science	the5thscience.jpg
The Hitchhiker's Guide to the Galaxy	tuhhgttg.jpg
Eragon	eragon.jpg
The Chronicles of Narnia	chroniclesofnarnia.jpg
Mere Christianity	merechristianity.jpg
One Piece	onepiece.jpg
Vinland Saga	vinlandsaga.jpg
Good vibes good life	gvibesglife.jpg
Million Dollar Decision	milliondollardecision.jpg
Genune Fraud	genunefraud.jpg
The Alchemist	thealchemist.jpg
The Mind’s Eye	mindseye.jpg
Kafka pe malul mării	kaftapemal.jpg
Small gods	smallgods.jpg
The Shining	theshining.jpg
To Kill a Mockingbird	tokillamockingbird.jpg
The Inner Citadel: The Meditations of Marcus Aurelius	meditations.jpg
Blink	blink.jpg
The Power of Habit	powerofhabit.jpg
Mortality	mortality.jpg
Think and Grow Rich	thinkandgrowrich.jpg
Shōgun	shogun.jpg
ABC-ul psihopatului de succes	abculpshihopatului.jpg
Cel mai bogat om din Babilon	celmaibogatomdinbabilon.jpg
De la idee la bani	delaideelabani.jpg
Arta subtilă a nepăsării	artasbtanepasarii.jpg
Cursa de şoareci	cursadesoareci.jpg
12 Rules for Life: An Antidote to Chaos	12rulesforlife.jpg
Fundația	fundatia.jpg
Culoarea Magiei	culoareamagiei.jpg
Pacienta tăcută	pacientatacuta.jpg
Papillon	papillon.jpg
Inteligența emoțională	inteligentaemotionala.jpg
Psihologie generală	psihologiegenerala.jpg
Creierul și mintea Universului	creierulsiminteauniversului.jpg
Despre psihanaliză	desprepsihanaliza.jpg
Amoc. Obsedatul	amocobsedatul.jpg
The Wonderful Story of Henry Sugar	henrysugar.jpg
Secretele succesului 	secretelesuccesului.jpg
Stăpânul inelelor	stapanulinelelor.jpg
1984	1984.jpg
Zbor deasupra unui cuib de cuci	zducdc.jpg
Ciuleandra	ciuleandra.jpg
Sfaturile unui diavol bătrân către unul mai tânăr	sudbcumt.jpg
Scrisori către Lucilius	scrisoricatreluciliu.jpg
Frații Karamazov	fratiikaramazov.jpg
Ada sau Ardoarea	adasauardoarea.jpg
Metro 2033	metro2033.jpg
Teama Înțeleptului	teamainteleptului.jpg
Spre far	sprefar.jpg
Muntele vrăjit	munteleprajit.jpg
Ring	ring.jpg
Harry Potter and the Sorcerer's Stone	harrypotter1.jpg
Tales of Terror and Detection	talesofterror.jpg
Sufletul neînlănțuit	sufletulneinlantuit.jpeg
The Help	thehelp.jpg
Torente	torente.jpg
Talida	talida.jpg
Ion	ion.jpg
Calarețul Fără Cap	calaretulfaracap.jpg
Crimă și pedeapsă	crimasipedeapsa.jpg
Cenușă și țărînă	cenusasitarana.jpg
Flori pentru Algernon	floripentrualgernon.jpg
Padurea spânzuraților	padureaspanzuratilor.jpg
Marele singuratic	marelesinguratic.jpg
Cartea Mironei	carteamironei.jpg
Marile Speranțe	marilesperante.jpg
Horror short stories	horrorshorts.jpg
Artemis	artemis.jpg
A Game of thrones	agot.jpg
Un veac de singurătate	unveacdesinguratate.jpg
Bătrânul și marea	batranulsimarea.jpg
A certain magical Index	magicalindex.jpg
Mândrie și prejudecată	mandriesiprejudecata.jpg
Ugly Love	uglylove.jpg
Crimă la vicariat	crimalavicariat.jpg
Dreadnought (Nemesis)	dreadnought.jpg
Dintotdeauna tu	dintotdeaunatu.jpg
Trezirea (Jurnalele vampirilor)	trezirea.jpg
Verity	verity.jpg
Serotonina	serotonina.jpg
O să râzi, totul e chimie!	totulechimie.jpg
Cum să vorbim în public	cumvorbiminpublic.jpg
Omul care aduce ploaia	ploaia.jpg
Puterea extraordinară a subconștientului tău	putereasubconstientului.jpg
The Picture of Dorian Grey	doriangrey.jpg
If we were villains	ifwewerevillains.jpg
The Poppy War	thepoppywar.jpg
Cavalerii Pardaillan	pardaillan.jpg
Cei Trei Muschetari	cei3muschetari.jpg
Murder on the Leviathan	murderontheleviathan.jpg
The 7 Habits of Highly Effective People	7habits.jpg
The 8th Habit	8habit.jpg
Atomic Habits	atomichabits.jpg
Narconomics: How to Run a Drug Cartel	narconomics.jpg
The Hunger Games	thehungergames.jpg
Toti oamenii sunt muritori	totioameniimor.jpg
Biblioteca de la miezul noptii	biblioteca.jpg
Omul in cautarea sensului vietii	incautareasensuluivietii.jpg
Între două fronturi	intredouafronturi.jpg
Tatuatorul de la Auschwitz	tatuatoruldelaauschwitz.jpg
Fiica Reichului	fiicareichului.jpg
Scrisoarea pierduta de la Auschwitz	scrisoareapierdutadelaauschwitz.jpg
Huliganii	huliganii.jpg
Femei	femei.jpg
În căutarea oii fantastice	incautareaoii.jpg
Legiunea blestematilor	legiuneablestematilor.jpg
Înțelepciunea psihopaților	intelepciuneapsihopatilor.jpg
Camera minunilor	cameraminunilor.jpg
25 de moduri de a-i cuceri pe cei din jur	25moduri.jpg
Employer Branding For Dummies	employerbranding.jpg
Mortal Engines	mortalengines.jpg
Focus: The Hidden Driver of Excellence	focus.jpg
Winnetou	winnetou.jpg
Singur pe Lume	singurpelume.jpg
Vraciul	vraciul.jpg
Brave New World	bravenewworld.jpg
Head First Design Patterns	hfdp.jpg
Murder on the Orient Express	murderontheorientexpress.jpg
27 de Pași	27pasi.jpg
Dark Cockpit	darkcockpit.jpg
Codul lui Da Vinci	davincicode.jpg
Răscoala	rascoala.jpg
Laleaua Neagră	laleauaneagra.jpg
Mă dor strămoşii	madorstramosii.jpg
Călătorie în jurul omului	injurulomului.jpg
Sapiens: A Brief History of Humankind	sapienshistory.jpg
Rugăciune pentru Cernobîl	rugaciuneptchernobil.jpg
Gânduri către sine însuși	ganduri.jpg
Uluitorul Maurice si rozătoarele lui educate	uluitorulmaurice.jpg
Procesul	procesul.jpg
La răscruce de vânturi	larascrucedevanturi.jpg
Minunea	minunea.jpg
Marele Gatsby	marelegatsby.jpg
Mănâncă, roagă-te, iubeşte	manancaroagateiubeste.jpg
The simplicity survival handbook	handbook.jpg
Maitreyi	maitreyi.jpg
O zi de decembrie	ozidedecembrie.jpg
Suflete în furtună	sufleteinfurtuna.jpg
Monte Cassino	motecassino.jpg
Elevul Dima dintr-a șaptea	elevuldima.jpg
Am fost medic la Auschwitz	amfostmedic.jpg
Ipoteza Fericirii	ipotezafericirii.jpg
Legendele Olimpului	legendeleolimpului.jpg
Nunta in Cer	nuntaincer.jpg
Divergent	divergent.jpg
Eleanor & Park	eleanorpark.jpg
Fiul risipitor	fiulrisipitor.jpg
Sapiens	sapiens.jpg
Blindatele Morții	blindatelemortii.jpg
Marțianul	martianul.jpg
Twilight	twilight.jpg
Eleganța ariciului	elegantaariciului.jpg
Cele 40 de legi ale iubirii	cele40delegialeiubirii.jpg
Raport asupra singurătății	raportasuprasinguratatii.jpg
O viață marunta	oviatamarunta.jpg
Magicianul	magicianul.jpg
Metamorfoza	metamorfoza.jpg
Pădurea Norvegiana	padureanorvegiana.jpg
Eseu despre orbire	eseudespreorbire.jpg
Fluturi	fluturi.jpg
Ridică-te și ucide primul	ridicatesiucide.jpg
Particulele elementare	particuleelementare.jpg
Furtuna războiului	furtunarazb.jpg
Xanax	xanax.jpg
Invitatie la Vals	invitatielavals.jpg
Printre Tonuri Cenusii	printretonuricenusii.jpg
Preludiu	preludiu.jpg
Iubirea omenească	iubireaomeneasca.jpg
Regina Rosie	reginarosie.jpg
Are We All Lemmings and Snowflakes?	snowflakes.jpg
Evadarea de la Auschwitz	evadareadelaauschwitz.jpg
În pat cu regina	inpatcuregina.jpg
Da-ți voie sa simți	dativoiesasimti.jpg
Oscar și Tanti Roz	oscarsitantiroz.jpg
Pe aripile vântului	pearipilevantului.jpg
Scrisoare de dragoste	scrisoarededragoste.jpg
Lifespan	lifespan.jpg
Lorelei	lorelei.jpg
Scarlett	scarlett.jpg
Memoriile unui motan călător	memoriileunuimotan.jpg
Specia rebelă	speciarebela.jpg
Cel mai iubit dintre pământeni	cmidp.jpg
Dragă John	dragajohn.jpg
Povestea mea	povesteamea.jpg
Tată bogat, tată sărac	tatabogattatasarac.jpg
Cadranul banilor	cadranulbanilor.jpg
După ce ne-am întâlnit	after.jpg
Love story	lovestory.jpg
Homo Deus: A History of Tomorrow	homodeus.jpg
Factfullness	factfullness.jpg
Insula comorii	insulacomorii.jpg
Doi ani de vacanță	doianidevacanta.jpg
Zbor frânt	zborfrant.jpg
Lupul de stepă	lupuldestepa.jpg
Jocul cu mărgele de sticlă	joculcumargeledesticla.jpg
Primăvara in Toscana	primavara.jpg
Aleea cu licurici	aleeaculicurici.jpg
Din cer au căzut trei mere	dinceraucazut3mere.jpg
Memoriile unei gheișe	memoriileuneigheise.jpg
Trăgători și mistificatori. Contrarevoluția Securității în decembrie 1989	tragatorisimistificatori.jpg
The Swerve: How the World Became Modern	theswerve.jpg
East of Eden	eastofeden.jpg
Preludes & Nocturnes	thesandman.jpg
The Expanse (Leviathan Wakes)	leviathanwakes.jpg
The House in the Cerulean Sea	thehouseintheceruleansea.jpg
White Nights	whitenights.jpg
Enigma Otiliei	otilia.jpg
Ocolul Pământului în 80 de zile	80zile.jpg
Insurgent	insurgent.jpg
Pavlov (Cartea inginerului chimist)	inginerchimist.jpg
Intoxicată	intoxicata.webp
Bridge of Clay	bridgeofclay.jpg
Circe	circe.jpg
Istoria Albinelor	istoriaalbinelor.jpg
Coin Locker Babies	coinlockerbabies.jpg